scenario,recovered_cost
scenario_2,298151441362.826
scenario_3,298146395779.41736
scenario_4,297824095724.58875
