scenario,recovered_cost
scenario_2,58058142382.70947
scenario_3,58053097119.80136
scenario_4,57730800600.90391
